<?xml version="1.0" encoding="UTF-8"?>
<!DOCTYPE fontscolors PUBLIC "-//NetBeans//DTD Editor Fonts and Colors settings 1.2//EN" "https://netbeans.apache.org/dtds/EditorFontsColors-1_2.dtd">
<fontscolors>
    <fontcolor default="identifier" foreColor="fff7d65d" name="identifier"/>
    <fontcolor default="keyword" name="mod-keyword"/>
    <fontcolor default="field" name="mod-record-component-declaration"/>
    <fontcolor default="field" name="mod-record-component"/>
    <fontcolor name="mod-unindented-text-block"/>
    <fontcolor default="identifier" name="mod-record"/>
    <fontcolor default="keyword" foreColor="ffb447bb" name="keyword"/>
    <fontcolor default="identifier" name="mod-module-declaration">
        <font style="bold"/>
    </fontcolor>
    <fontcolor default="identifier" name="mod-module"/>
</fontscolors>
