<?xml version="1.0" encoding="UTF-8"?>
<!DOCTYPE fontscolors PUBLIC "-//NetBeans//DTD Editor Fonts and Colors settings 1.2//EN" "https://netbeans.apache.org/dtds/EditorFontsColors-1_2.dtd">
<fontscolors>
    <fontcolor bgColor="ffccffcc" name="nbeditor-bracesMatching-match"/>
    <fontcolor bgColor="ffffffe0" name="coverage-partial"/>
    <fontcolor foreColor="ffd2accb" name="text-limit-line-color"/>
    <fontcolor foreColor="ff8c8c8c" name="code-folding"/>
    <fontcolor foreColor="ffcc0099" name="synchronized-text-blocks-ext"/>
    <fontcolor bgColor="ffd83636" name="nbeditor-bracesMatching-mismatch"/>
    <fontcolor bgColor="fff9f4e0" name="highlight-caret-row"/>
    <fontcolor foreColor="black" name="caret-color-overwrite-mode"/>
    <fontcolor name="status-bar"/>
    <fontcolor bgColor="ffccffcc" name="coverage-covered"/>
    <fontcolor bgColor="ffdfdfdf" name="guarded"/>
    <fontcolor foreColor="lightGray" name="trailing-whitespace"/>
    <fontcolor bgColor="ff8ac0ec" name="synchronized-text-blocks"/>
    <fontcolor bgColor="ffe0ffe0" name="coverage-inferred"/>
    <fontcolor bgColor="ffd83636" name="nbeditor-bracesMatching-mismatch-multichar"/>
    <fontcolor bgColor="fff5f5f5" foreColor="ffb4b4b4" name="remove-surround-code-delete"/>
    <fontcolor foreColor="ff8c8c8c" name="code-folding-border"/>
    <fontcolor name="west-sidebars-color"/>
    <fontcolor foreColor="ffdd2a2a" name="status-bar-bold"/>
    <fontcolor foreColor="ff6b8eb2" name="nbeditor-bracesMatching-sidebar"/>
    <fontcolor bgColor="ffe9e8e2" foreColor="darkGray" name="line-number"/>
    <fontcolor bgColor="ffdfdfdf" name="readonly-files"/>
    <fontcolor bgColor="ffffb442" foreColor="black" name="highlight-search"/>
    <fontcolor foreColor="ff8c8c8c" name="code-folding-bar"/>
    <fontcolor foreColor="ff996600" name="synchronized-text-blocks-ext-slave"/>
    <fontcolor foreColor="ffd3d3d3" name="indent-guide-lines"/>
    <fontcolor foreColor="lightGray" name="indent-whitespace"/>
    <fontcolor bgColor="ffe0e8f1" foreColor="black" name="block-search"/>
    <fontcolor bgColor="ff89bced" name="selection"/>
    <fontcolor bgColor="ffffcccc" name="coverage-uncovered"/>
    <fontcolor bgColor="ffffb442" foreColor="black" name="inc-search"/>
    <fontcolor bgColor="ffccffcc" name="remove-surround-code-remain"/>
    <fontcolor bgColor="ffccffcc" name="nbeditor-bracesMatching-match-multichar"/>
    <fontcolor foreColor="black" name="caret-color-insert-mode"/>
    <fontcolor foreColor="ff185add" name="hyperlinks" underline="ff185add"/>
</fontscolors>
