<?xml version="1.0" encoding="UTF-8"?>
<!DOCTYPE fontscolors PUBLIC "-//NetBeans//DTD Editor Fonts and Colors settings 1.2//EN" "https://netbeans.apache.org/dtds/EditorFontsColors-1_2.dtd">
<fontscolors>
    <fontcolor bgColor="ffd7e6cb" name="mark-occurrences"/>
    <fontcolor foreColor="ff008e9a" name="identifier"/>
    <fontcolor default="field" name="markup-attribute"/>
    <fontcolor default="identifier" name="method"/>
    <fontcolor foreColor="ffff9e00" name="string"/>
    <fontcolor default="keyword" name="markup-element"/>
    <fontcolor default="string" name="markup-attribute-value"/>
    <fontcolor name="error" waveUnderlined="red"/>
    <fontcolor default="default" foreColor="black" name="entity-reference">
        <font style="bold"/>
    </fontcolor>
    <fontcolor name="separator"/>
    <fontcolor foreColor="ff00b200" name="operator"/>
    <fontcolor foreColor="ff7676cd" name="url" underline="white"/>
    <fontcolor foreColor="red" name="number"/>
    <fontcolor bgColor="white" foreColor="black" name="default">
        <font name="Victor Mono" size="13" style="plain"/>
    </fontcolor>
    <fontcolor default="identifier" foreColor="ff6d6d6d" name="field"/>
    <fontcolor foreColor="ffff9e00" name="char"/>
    <fontcolor name="warning" waveUnderlined="ffffa500"/>
    <fontcolor foreColor="ff969696" name="comment"/>
    <fontcolor foreColor="ff990066" name="keyword"/>
    <fontcolor foreColor="black" name="whitespace"/>
</fontscolors>
